"GEOID","NAME","reald.grp","estimate","variance","stderror","mrgerror"
"0500000US41001","Baker County, Oregon","Other groups",3017,69763,264.126863457695,434.488690387909
"0500000US41001","Baker County, Oregon","Other.african",7,63.25,7.95298686029343,13.0826633851827
"0500000US41001","Baker County, Oregon","Other.anza",52,1918.2,43.7972601882812,72.0464930097226
"0500000US41001","Baker County, Oregon","Other.arab",0,0,0,21
"0500000US41001","Baker County, Oregon","Other.european",721,14255.25,119.395351668312,196.405353494374
"0500000US41001","Baker County, Oregon","Other.northam",1383,54613.15,233.694565619314,384.427560443772
"0500000US41001","Baker County, Oregon","ReAfrican",2,13.8,3.71483512420134,6.11090377931121
"0500000US41001","Baker County, Oregon","ReCaribbean",21,538.95,23.2152966812832,38.1891630407109
"0500000US41001","Baker County, Oregon","ReEastEur",72,1236.85,35.1688782874859,57.8528047829144
"0500000US41001","Baker County, Oregon","ReEthiopian",68,2422.1,49.214835161768,80.9584038411084
"0500000US41001","Baker County, Oregon","ReHisSou",0,0,0,21
"0500000US41001","Baker County, Oregon","ReMidEast",9,74.85,8.65158944934398,14.2318646441708
"0500000US41001","Baker County, Oregon","ReNoAfr",0,0,0,21
"0500000US41001","Baker County, Oregon","ReSlavic",615,23277.45,152.569492363316,250.976814937655
"0500000US41001","Baker County, Oregon","ReSomalian",0,0,0,21
"0500000US41001","Baker County, Oregon","ReWestEur",10853,273157.8,522.645003802772,859.751031255561
"0500000US41001","Baker County, Oregon","Total:",16796,0,0,0
"0500000US41001","Baker County, Oregon","Unclassified or not reported",4897,109169.85,330.408610662616,543.522164540003
"0500000US41003","Benton County, Oregon","Other groups",22419,426667.55,653.197940903062,1074.51061278554
"0500000US41003","Benton County, Oregon","Other.african",173,8333.1,91.2858148892806,150.165165492867
"0500000US41003","Benton County, Oregon","Other.anza",88,1360.95,36.8910558265821,60.6857868347276
"0500000US41003","Benton County, Oregon","Other.arab",216,5592.2,74.7810136331409,123.014767426517
"0500000US41003","Benton County, Oregon","Other.european",4251,164291.65,405.329063848128,666.766310030171
"0500000US41003","Benton County, Oregon","Other.northam",4823,183156.7,427.968106288307,704.007534844266
"0500000US41003","Benton County, Oregon","ReAfrican",81,2757.8,52.5147598299754,86.3867799203096
"0500000US41003","Benton County, Oregon","ReCaribbean",30,386.95,19.6710447104367,32.3588685486684
"0500000US41003","Benton County, Oregon","ReEastEur",965,31381.9,177.149372000016,291.410716940026
"0500000US41003","Benton County, Oregon","ReEthiopian",0,0,0,31
"0500000US41003","Benton County, Oregon","ReHisSou",128,3593.5,59.9458088610038,98.6108555763512
"0500000US41003","Benton County, Oregon","ReMidEast",602,21371,146.188234820727,240.479646280096
"0500000US41003","Benton County, Oregon","ReNoAfr",75,1903.4,43.6279726780881,71.7680150554549
"0500000US41003","Benton County, Oregon","ReSlavic",3963,125153.7,353.770688440973,581.952782485401
"0500000US41003","Benton County, Oregon","ReSomalian",0,0,0,31
"0500000US41003","Benton County, Oregon","ReWestEur",68164,2564682.9,1601.46273762458,2634.40620339243
"0500000US41003","Benton County, Oregon","Total:",96359,0,0,0
"0500000US41003","Benton County, Oregon","Unclassified or not reported",21461,884312.6,940.378966162047,1546.92339933657
"0500000US41005","Clackamas County, Oregon","Other groups",92097,2462709.15,1569.30212196377,2581.50199063041
"0500000US41005","Clackamas County, Oregon","Other.african",143,3318.05,57.6025173061039,94.7561409685409
"0500000US41005","Clackamas County, Oregon","Other.anza",353,15612.2,124.948789509943,205.540758743856
"0500000US41005","Clackamas County, Oregon","Other.arab",184,6759.55,82.2164825323974,135.246113765794
"0500000US41005","Clackamas County, Oregon","Other.european",16567,1038921.65,1019.2750610115,1676.70747536392
"0500000US41005","Clackamas County, Oregon","Other.northam",25724,1434226.5,1197.59195889084,1970.03877237543
"0500000US41005","Clackamas County, Oregon","ReAfrican",666,21265.5,145.826952241347,239.885336437015
"0500000US41005","Clackamas County, Oregon","ReCaribbean",431,11636.4,107.872146543953,177.449681064802
"0500000US41005","Clackamas County, Oregon","ReEastEur",4679,214430,463.065870044425,761.743356223079
"0500000US41005","Clackamas County, Oregon","ReEthiopian",506,54501.05,233.454599440662,384.032816079889
"0500000US41005","Clackamas County, Oregon","ReHisSou",47,1010.55,31.7891490921037,52.2931502565107
"0500000US41005","Clackamas County, Oregon","ReMidEast",2940,181460.05,425.981278931363,700.739203842093
"0500000US41005","Clackamas County, Oregon","ReNoAfr",249,10874.25,104.279672036308,171.540060499727
"0500000US41005","Clackamas County, Oregon","ReSlavic",22712,1640389.1,1280.77675650365,2106.8777644485
"0500000US41005","Clackamas County, Oregon","ReSomalian",0,0,0,31
"0500000US41005","Clackamas County, Oregon","ReWestEur",288630,14684720.75,3832.06481547481,6303.74662145606
"0500000US41005","Clackamas County, Oregon","Total:",422308,0,0,0
"0500000US41005","Clackamas County, Oregon","Unclassified or not reported",97405,4789000.75,2188.37856642766,3599.88274177351
"0500000US41007","Clatsop County, Oregon","Other groups",8160,240137.4,490.038161779264,806.112776126889
"0500000US41007","Clatsop County, Oregon","Other.african",7,150.5,12.2678441463853,20.1806036208038
"0500000US41007","Clatsop County, Oregon","Other.anza",27,346.75,18.6212244495361,30.6319142194868
"0500000US41007","Clatsop County, Oregon","Other.arab",0,0,0,28
"0500000US41007","Clatsop County, Oregon","Other.european",1652,58659.25,242.196717566527,398.413600396937
"0500000US41007","Clatsop County, Oregon","Other.northam",3084,152663.55,390.721831998162,642.737413636977
"0500000US41007","Clatsop County, Oregon","ReAfrican",0,0,0,28
"0500000US41007","Clatsop County, Oregon","ReCaribbean",0,0,0,28
"0500000US41007","Clatsop County, Oregon","ReEastEur",399,16571.4,128.72994989512,211.760767577472
"0500000US41007","Clatsop County, Oregon","ReEthiopian",20,464.3,21.5476216785055,35.4458376611415
"0500000US41007","Clatsop County, Oregon","ReHisSou",29,959.8,30.9806391154217,50.9631513448688
"0500000US41007","Clatsop County, Oregon","ReMidEast",53,742.9,27.2561919570581,44.8364357693606
"0500000US41007","Clatsop County, Oregon","ReNoAfr",19,929.85,30.4934419178944,50.1617119549363
"0500000US41007","Clatsop County, Oregon","ReSlavic",1241,26445.3,162.620109457594,267.510080057743
"0500000US41007","Clatsop County, Oregon","ReSomalian",0,0,0,28
"0500000US41007","Clatsop County, Oregon","ReWestEur",31925,1013138.25,1006.54768888513,1655.77094821604
"0500000US41007","Clatsop County, Oregon","Total:",41343,0,0,0
"0500000US41007","Clatsop County, Oregon","Unclassified or not reported",9588,265551.7,515.317086850417,847.696607868936
"0500000US41009","Columbia County, Oregon","Other groups",9508,253196.6,503.186446558331,827.741704588454
"0500000US41009","Columbia County, Oregon","Other.african",69,3018.3,54.9390571451677,90.3747490038008
"0500000US41009","Columbia County, Oregon","Other.anza",20,401.85,20.0461966467457,32.9759934838967
"0500000US41009","Columbia County, Oregon","Other.arab",49,1837.6,42.8672369065234,70.516604711231
"0500000US41009","Columbia County, Oregon","Other.european",2658,141382.75,376.008975956692,618.534765448758
"0500000US41009","Columbia County, Oregon","Other.northam",3949,185391.9,430.57159683379,708.290276791585
"0500000US41009","Columbia County, Oregon","ReAfrican",35,616.35,24.8263972416458,40.8394234625074
"0500000US41009","Columbia County, Oregon","ReCaribbean",16,258.75,16.0857079421454,26.4609895648292
"0500000US41009","Columbia County, Oregon","ReEastEur",484,24466.6,156.418029651316,257.307658776415
"0500000US41009","Columbia County, Oregon","ReEthiopian",0,0,0,31
"0500000US41009","Columbia County, Oregon","ReHisSou",37,629.7,25.0938239413606,41.2793403835381
"0500000US41009","Columbia County, Oregon","ReMidEast",70,2228.8,47.2101683962258,77.6607270117915
"0500000US41009","Columbia County, Oregon","ReNoAfr",0,0,0,31
"0500000US41009","Columbia County, Oregon","ReSlavic",1728,66288.8,257.466114275258,423.531757982799
"0500000US41009","Columbia County, Oregon","ReSomalian",10,147.4,12.140840168621,19.9716820773815
"0500000US41009","Columbia County, Oregon","ReWestEur",36650,1748334,1322.24581678295,2175.09436860795
"0500000US41009","Columbia County, Oregon","Total:",53178,0,0,0
"0500000US41009","Columbia County, Oregon","Unclassified or not reported",13928,667464.15,816.984791780116,1343.93998247829
"0500000US41011","Coos County, Oregon","Other groups",12511,294254.65,542.452440311591,892.334264312567
"0500000US41011","Coos County, Oregon","Other.african",66,1490.5,38.6069941849919,63.5085054343117
"0500000US41011","Coos County, Oregon","Other.anza",27,569.4,23.862103846895,39.2531608281422
"0500000US41011","Coos County, Oregon","Other.arab",24,233.95,15.2954241523405,25.1609727306001
"0500000US41011","Coos County, Oregon","Other.european",3682,229932.4,479.512669279968,788.798340965547
"0500000US41011","Coos County, Oregon","Other.northam",5309,158718.05,398.39433981923,655.358689002633
"0500000US41011","Coos County, Oregon","ReAfrican",64,1044.95,32.3256863809572,53.1757540966746
"0500000US41011","Coos County, Oregon","ReCaribbean",99,2428.85,49.2833643332109,81.0711343281319
"0500000US41011","Coos County, Oregon","ReEastEur",213,4762.15,69.0083328301735,113.518707505635
"0500000US41011","Coos County, Oregon","ReEthiopian",0,0,0,31
"0500000US41011","Coos County, Oregon","ReHisSou",5,27.35,5.22972274599715,8.60289391716532
"0500000US41011","Coos County, Oregon","ReMidEast",69,1683,41.024382993532,67.4851100243602
"0500000US41011","Coos County, Oregon","ReNoAfr",0,0,0,31
"0500000US41011","Coos County, Oregon","ReSlavic",1639,44410.25,210.737395827129,346.663016135627
"0500000US41011","Coos County, Oregon","ReSomalian",0,0,0,31
"0500000US41011","Coos County, Oregon","ReWestEur",40745,1713249.8,1308.91168533251,2153.15972237198
"0500000US41011","Coos County, Oregon","Total:",64832,0,0,0
"0500000US41011","Coos County, Oregon","Unclassified or not reported",19469,761383.55,872.572948239859,1435.38249985457
"0500000US41013","Crook County, Oregon","Other groups",4195,121436.3,348.477115460973,573.2448549333
"0500000US41013","Crook County, Oregon","Other.african",15,927.9,30.4614510488256,50.1090869753182
"0500000US41013","Crook County, Oregon","Other.anza",0,0,0,25
"0500000US41013","Crook County, Oregon","Other.arab",41,1294.3,35.9763811409653,59.1811469768878
"0500000US41013","Crook County, Oregon","Other.european",1349,120560.3,347.217943084743,571.173516374403
"0500000US41013","Crook County, Oregon","Other.northam",1900,75600.45,274.955360013221,452.301567221749
"0500000US41013","Crook County, Oregon","ReAfrican",21,1809.45,42.5376303994475,69.9744020070911
"0500000US41013","Crook County, Oregon","ReCaribbean",0,0,0,25
"0500000US41013","Crook County, Oregon","ReEastEur",123,4212.8,64.9060860012372,106.770511472035
"0500000US41013","Crook County, Oregon","ReEthiopian",0,0,0,25
"0500000US41013","Crook County, Oregon","ReHisSou",0,0,0,25
"0500000US41013","Crook County, Oregon","ReMidEast",0,0,0,25
"0500000US41013","Crook County, Oregon","ReNoAfr",0,0,0,25
"0500000US41013","Crook County, Oregon","ReSlavic",729,18602.65,136.391531995209,224.364070132118
"0500000US41013","Crook County, Oregon","ReSomalian",0,0,0,25
"0500000US41013","Crook County, Oregon","ReWestEur",17160,758178.9,870.734689787883,1432.35856470107
"0500000US41013","Crook County, Oregon","Total:",25651,0,0,0
"0500000US41013","Crook County, Oregon","Unclassified or not reported",7217,229401.55,478.958818689039,787.88725674347
"0500000US41015","Curry County, Oregon","Other groups",4272,102304.65,319.850980927056,526.154863625007
"0500000US41015","Curry County, Oregon","Other.african",2,4.7,2.16794833886788,3.56627501743766
"0500000US41015","Curry County, Oregon","Other.anza",34,1054.2,32.4684462209081,53.4105940333938
"0500000US41015","Curry County, Oregon","Other.arab",0,0,0,25
"0500000US41015","Curry County, Oregon","Other.european",1693,66207.35,257.307889502052,423.271478230875
"0500000US41015","Curry County, Oregon","Other.northam",2104,56065.7,236.78196721879,389.506336074909
"0500000US41015","Curry County, Oregon","ReAfrican",0,0,0,25
"0500000US41015","Curry County, Oregon","ReCaribbean",0,0,0,25
"0500000US41015","Curry County, Oregon","ReEastEur",84,2007.3,44.8029016917431,73.7007732829175
"0500000US41015","Curry County, Oregon","ReEthiopian",0,0,0,25
"0500000US41015","Curry County, Oregon","ReHisSou",1,2.7,1.6431676725155,2.703010821288
"0500000US41015","Curry County, Oregon","ReMidEast",17,234.65,15.3182897217672,25.1985865923071
"0500000US41015","Curry County, Oregon","ReNoAfr",37,1270.55,35.6447752132062,58.6356552257242
"0500000US41015","Curry County, Oregon","ReSlavic",978,44205.25,210.250445897268,345.861983501006
"0500000US41015","Curry County, Oregon","ReSomalian",2,5.45,2.33452350598575,3.84029116734656
"0500000US41015","Curry County, Oregon","ReWestEur",15558,452279.15,672.517025806782,1106.29050745216
"0500000US41015","Curry County, Oregon","Total:",23463,0,0,0
"0500000US41015","Curry County, Oregon","Unclassified or not reported",5549,304865.9,552.146629076009,908.281204830035
"0500000US41017","Deschutes County, Oregon","Other groups",36043,991159,995.569686159638,1637.7121337326
"0500000US41017","Deschutes County, Oregon","Other.african",85,1477.5,38.4382621875651,63.2309412985446
"0500000US41017","Deschutes County, Oregon","Other.anza",84,1715.35,41.4167840373924,68.1306097415105
"0500000US41017","Deschutes County, Oregon","Other.arab",130,8123.15,90.1285193487611,148.261414328712
"0500000US41017","Deschutes County, Oregon","Other.european",10234,717153.1,846.848923952791,1393.06647990234
"0500000US41017","Deschutes County, Oregon","Other.northam",12528,645394.35,803.364394281947,1321.5344285938
"0500000US41017","Deschutes County, Oregon","ReAfrican",86,2559.05,50.5870536797707,83.2157033032228
"0500000US41017","Deschutes County, Oregon","ReCaribbean",257,24274.5,155.802759924207,256.29554007532
"0500000US41017","Deschutes County, Oregon","ReEastEur",1868,56766,238.256164663162,391.931390870902
"0500000US41017","Deschutes County, Oregon","ReEthiopian",85,2550.35,50.5009900893042,83.0741286969054
"0500000US41017","Deschutes County, Oregon","ReHisSou",177,9517.5,97.5576752490546,160.482375784695
"0500000US41017","Deschutes County, Oregon","ReMidEast",715,34175.25,184.865491641896,304.103733750919
"0500000US41017","Deschutes County, Oregon","ReNoAfr",98,6728.95,82.0301773739397,134.939641780131
"0500000US41017","Deschutes County, Oregon","ReSlavic",7598,441370.45,664.357170503939,1092.86754547898
"0500000US41017","Deschutes County, Oregon","ReSomalian",0,0,0,31
"0500000US41017","Deschutes County, Oregon","ReWestEur",149526,7121664.7,2668.6447309449,4389.92058240437
"0500000US41017","Deschutes County, Oregon","Total:",203026,0,0,0
"0500000US41017","Deschutes County, Oregon","Unclassified or not reported",46527,3185339.3,1784.75188751826,2935.91685496754
"0500000US41019","Douglas County, Oregon","Other groups",19523,426264.45,652.889309148189,1074.00291354877
"0500000US41019","Douglas County, Oregon","Other.african",5,20.5,4.52769256906871,7.44805427611803
"0500000US41019","Douglas County, Oregon","Other.anza",43,1004.2,31.6891148503709,52.1285939288602
"0500000US41019","Douglas County, Oregon","Other.arab",0,0,0,31
"0500000US41019","Douglas County, Oregon","Other.european",3585,150816.7,388.351258527638,638.837820277964
"0500000US41019","Douglas County, Oregon","Other.northam",10429,622685.95,789.104524128458,1298.07694219131
"0500000US41019","Douglas County, Oregon","ReAfrican",14,172.15,13.120594498726,21.5833779504043
"0500000US41019","Douglas County, Oregon","ReCaribbean",15,132.7,11.5195486022674,18.9496574507298
"0500000US41019","Douglas County, Oregon","ReEastEur",340,8496.2,92.1748338756301,151.627601725411
"0500000US41019","Douglas County, Oregon","ReEthiopian",29,1631.8,40.3955443087477,66.45067038789
"0500000US41019","Douglas County, Oregon","ReHisSou",21,282.55,16.8092236584561,27.6511729181603
"0500000US41019","Douglas County, Oregon","ReMidEast",145,7383.15,85.9252582189894,141.347049770238
"0500000US41019","Douglas County, Oregon","ReNoAfr",25,586.8,24.2239550858236,39.8484061161799
"0500000US41019","Douglas County, Oregon","ReSlavic",3044,153049.75,391.2157333237,643.549881317486
"0500000US41019","Douglas County, Oregon","ReSomalian",0,0,0,31
"0500000US41019","Douglas County, Oregon","ReWestEur",74064,3389534.55,1841.06886074367,3028.55827592334
"0500000US41019","Douglas County, Oregon","Total:",111807,0,0,0
"0500000US41019","Douglas County, Oregon","Unclassified or not reported",34168,1251146.9,1118.54678042539,1840.00945379976
"0500000US41021","Gilliam County, Oregon","Other groups",282,2749.65,52.4371051832574,86.2590380264584
"0500000US41021","Gilliam County, Oregon","Other.african",0,0,0,13
"0500000US41021","Gilliam County, Oregon","Other.anza",0,0,0,13
"0500000US41021","Gilliam County, Oregon","Other.arab",0,0,0,13
"0500000US41021","Gilliam County, Oregon","Other.european",53,424.25,20.597329924046,33.8826077250556
"0500000US41021","Gilliam County, Oregon","Other.northam",165,1821.65,42.6807919326715,70.2099027292447
"0500000US41021","Gilliam County, Oregon","ReAfrican",0,0,0,13
"0500000US41021","Gilliam County, Oregon","ReCaribbean",0,0,0,13
"0500000US41021","Gilliam County, Oregon","ReEastEur",8,35.4,5.94978991225741,9.78740440566343
"0500000US41021","Gilliam County, Oregon","ReEthiopian",0,0,0,13
"0500000US41021","Gilliam County, Oregon","ReHisSou",0,0,0,13
"0500000US41021","Gilliam County, Oregon","ReMidEast",0,0,0,13
"0500000US41021","Gilliam County, Oregon","ReNoAfr",0,0,0,13
"0500000US41021","Gilliam County, Oregon","ReSlavic",52,421.9,20.5402044780474,33.788636366388
"0500000US41021","Gilliam County, Oregon","ReSomalian",0,0,0,13
"0500000US41021","Gilliam County, Oregon","ReWestEur",1464,17868.85,133.674417896619,219.894417439939
"0500000US41021","Gilliam County, Oregon","Total:",2002,0,0,0
"0500000US41021","Gilliam County, Oregon","Unclassified or not reported",638,6822.3,82.5972154494327,135.872419414317
"0500000US41023","Grant County, Oregon","Other groups",1099,10652.1,103.209011234485,169.778823480727
"0500000US41023","Grant County, Oregon","Other.african",0,0,0,19
"0500000US41023","Grant County, Oregon","Other.anza",0,0,0,19
"0500000US41023","Grant County, Oregon","Other.arab",0,0,0,19
"0500000US41023","Grant County, Oregon","Other.european",442,10596.15,102.937602458965,169.332356044998
"0500000US41023","Grant County, Oregon","Other.northam",715,10689.95,103.392214407082,170.08019269965
"0500000US41023","Grant County, Oregon","ReAfrican",0,0,0,19
"0500000US41023","Grant County, Oregon","ReCaribbean",0,0,0,19
"0500000US41023","Grant County, Oregon","ReEastEur",32,229.75,15.1575063912241,24.9340980135637
"0500000US41023","Grant County, Oregon","ReEthiopian",0,0,0,19
"0500000US41023","Grant County, Oregon","ReHisSou",0,0,0,19
"0500000US41023","Grant County, Oregon","ReMidEast",0,0,0,19
"0500000US41023","Grant County, Oregon","ReNoAfr",0,0,0,19
"0500000US41023","Grant County, Oregon","ReSlavic",133,1754.6,41.8879457600871,68.9056707753433
"0500000US41023","Grant County, Oregon","ReSomalian",0,0,0,19
"0500000US41023","Grant County, Oregon","ReWestEur",4826,89372.5,298.952337338245,491.776594921414
"0500000US41023","Grant County, Oregon","Total:",7238,0,0,0
"0500000US41023","Grant County, Oregon","Unclassified or not reported",2150,25583.55,159.948585489213,263.115423129755
"0500000US41025","Harney County, Oregon","Other groups",1847,30092.1,173.470746813404,285.359378508049
"0500000US41025","Harney County, Oregon","Other.african",11,158.65,12.595634164265,20.7198182002159
"0500000US41025","Harney County, Oregon","Other.anza",0,0,0,19
"0500000US41025","Harney County, Oregon","Other.arab",0,0,0,19
"0500000US41025","Harney County, Oregon","Other.european",175,4432.65,66.5781495687587,109.521056040608
"0500000US41025","Harney County, Oregon","Other.northam",580,7479.7,86.4852588595305,142.268250823928
"0500000US41025","Harney County, Oregon","ReAfrican",0,0,0,19
"0500000US41025","Harney County, Oregon","ReCaribbean",0,0,0,19
"0500000US41025","Harney County, Oregon","ReEastEur",0,0,0,19
"0500000US41025","Harney County, Oregon","ReEthiopian",0,0,0,19
"0500000US41025","Harney County, Oregon","ReHisSou",0,0,0,19
"0500000US41025","Harney County, Oregon","ReMidEast",0,0,0,19
"0500000US41025","Harney County, Oregon","ReNoAfr",0,0,0,19
"0500000US41025","Harney County, Oregon","ReSlavic",360,13659.3,116.873008004415,192.256098167262
"0500000US41025","Harney County, Oregon","ReSomalian",0,0,0,19
"0500000US41025","Harney County, Oregon","ReWestEur",4488,67620.85,260.040093062589,427.765953087959
"0500000US41025","Harney County, Oregon","Total:",7515,0,0,0
"0500000US41025","Harney County, Oregon","Unclassified or not reported",2164,38861.75,197.133837785399,324.285163156981
"0500000US41027","Hood River County, Oregon","Other groups",8579,133834.8,365.834388760816,601.797569511543
"0500000US41027","Hood River County, Oregon","Other.african",60,2390.9,48.8968301631098,80.4352856183155
"0500000US41027","Hood River County, Oregon","Other.anza",122,7632.7,87.3653249292876,143.715959508678
"0500000US41027","Hood River County, Oregon","Other.arab",4,17.6,4.19523539268061,6.9011622209596
"0500000US41027","Hood River County, Oregon","Other.european",603,29770.7,172.541878974352,283.831390912809
"0500000US41027","Hood River County, Oregon","Other.northam",1702,74103.15,272.218937621908,447.800152388038
"0500000US41027","Hood River County, Oregon","ReAfrican",12,212,14.560219778561,23.9515615357329
"0500000US41027","Hood River County, Oregon","ReCaribbean",0,0,0,25
"0500000US41027","Hood River County, Oregon","ReEastEur",139,3307.7,57.5126073135274,94.6082390307525
"0500000US41027","Hood River County, Oregon","ReEthiopian",0,0,0,25
"0500000US41027","Hood River County, Oregon","ReHisSou",35,804.5,28.3637092073657,46.6583016461165
"0500000US41027","Hood River County, Oregon","ReMidEast",47,505.6,22.4855509160883,36.9887312569653
"0500000US41027","Hood River County, Oregon","ReNoAfr",92,3191.8,56.4960175587625,92.9359488841643
"0500000US41027","Hood River County, Oregon","ReSlavic",863,35640.85,188.787843888318,310.556003196283
"0500000US41027","Hood River County, Oregon","ReSomalian",0,0,0,25
"0500000US41027","Hood River County, Oregon","ReWestEur",12642,382079.35,618.125674923797,1016.81673524965
"0500000US41027","Hood River County, Oregon","Total:",23958,0,0,0
"0500000US41027","Hood River County, Oregon","Unclassified or not reported",5264,248014.65,498.010692656292,819.227589419601
"0500000US41029","Jackson County, Oregon","Other groups",49188,1520920.85,1233.25619803835,2028.70644577308
"0500000US41029","Jackson County, Oregon","Other.african",375,19709.95,140.392129409024,230.945052877844
"0500000US41029","Jackson County, Oregon","Other.anza",76,902.8,30.0466304267217,49.4267070519572
"0500000US41029","Jackson County, Oregon","Other.arab",21,142.7,11.9457105272144,19.6506938172676
"0500000US41029","Jackson County, Oregon","Other.european",7616,337890.75,581.283708699977,956.211700811463
"0500000US41029","Jackson County, Oregon","Other.northam",13957,783367.75,885.08064604306,1455.95766274083
"0500000US41029","Jackson County, Oregon","ReAfrican",84,1898.35,43.5700585264698,71.6727462760428
"0500000US41029","Jackson County, Oregon","ReCaribbean",107,4653.95,68.2198651420537,112.221678158678
"0500000US41029","Jackson County, Oregon","ReEastEur",1683,50645.25,225.0449955009,370.19901759898
"0500000US41029","Jackson County, Oregon","ReEthiopian",0,0,0,31
"0500000US41029","Jackson County, Oregon","ReHisSou",149,4775.05,69.1017365917818,113.672356693481
"0500000US41029","Jackson County, Oregon","ReMidEast",381,16369.75,127.944323828765,210.468412698319
"0500000US41029","Jackson County, Oregon","ReNoAfr",45,933.95,30.5605955439353,50.2721796697736
"0500000US41029","Jackson County, Oregon","ReSlavic",8201,305641.55,552.848577822174,909.435910517476
"0500000US41029","Jackson County, Oregon","ReSomalian",9,70.8,8.41427358718505,13.8414800509194
"0500000US41029","Jackson County, Oregon","ReWestEur",143289,8848207.05,2974.59359408979,4893.2064622777
"0500000US41029","Jackson County, Oregon","Total:",222563,0,0,0
"0500000US41029","Jackson County, Oregon","Unclassified or not reported",63865,3959403.5,1989.8249923046,3273.26211234107
"0500000US41031","Jefferson County, Oregon","Other groups",7950,134893.75,367.278845021055,604.173700059635
"0500000US41031","Jefferson County, Oregon","Other.african",19,190.7,13.8094170767632,22.7164910912755
"0500000US41031","Jefferson County, Oregon","Other.anza",9,81.3,9.01665126307988,14.8323913277664
"0500000US41031","Jefferson County, Oregon","Other.arab",0,0,0,25
"0500000US41031","Jefferson County, Oregon","Other.european",499,11210.1,105.877759704293,174.168914713562
"0500000US41031","Jefferson County, Oregon","Other.northam",1361,26546.9,162.932194485927,268.02345992935
"0500000US41031","Jefferson County, Oregon","ReAfrican",0,0,0,25
"0500000US41031","Jefferson County, Oregon","ReCaribbean",62,1183.45,34.4013081146633,56.5901518486212
"0500000US41031","Jefferson County, Oregon","ReEastEur",45,543.3,23.3087966227345,38.3429704443983
"0500000US41031","Jefferson County, Oregon","ReEthiopian",0,0,0,25
"0500000US41031","Jefferson County, Oregon","ReHisSou",0,0,0,25
"0500000US41031","Jefferson County, Oregon","ReMidEast",5,36.1,6.00832755431992,9.88369882685627
"0500000US41031","Jefferson County, Oregon","ReNoAfr",0,0,0,25
"0500000US41031","Jefferson County, Oregon","ReSlavic",369,6392.35,79.9521732037347,131.521324920144
"0500000US41031","Jefferson County, Oregon","ReSomalian",0,0,0,25
"0500000US41031","Jefferson County, Oregon","ReWestEur",11940,400789.25,633.079181461529,1041.41525350422
"0500000US41031","Jefferson County, Oregon","Total:",24973,0,0,0
"0500000US41031","Jefferson County, Oregon","Unclassified or not reported",7876,215338.95,464.046280019569,763.356130632191
"0500000US41033","Josephine County, Oregon","Other groups",14150,426166.35,652.814177235758,1073.87932155282
"0500000US41033","Josephine County, Oregon","Other.african",43,467.95,21.6321519965074,35.5848900342547
"0500000US41033","Josephine County, Oregon","Other.anza",0,0,0,31
"0500000US41033","Josephine County, Oregon","Other.arab",0,0,0,31
"0500000US41033","Josephine County, Oregon","Other.european",3193,147455.55,383.999414062053,631.679036132077
"0500000US41033","Josephine County, Oregon","Other.northam",7863,628837.5,792.992749021074,1304.47307213967
"0500000US41033","Josephine County, Oregon","ReAfrican",72,1844.55,42.9482246431677,70.6498295380109
"0500000US41033","Josephine County, Oregon","ReCaribbean",0,0,0,31
"0500000US41033","Josephine County, Oregon","ReEastEur",623,18833.85,137.236474743415,225.754000952918
"0500000US41033","Josephine County, Oregon","ReEthiopian",0,0,0,31
"0500000US41033","Josephine County, Oregon","ReHisSou",33,991,31.4801524773944,51.7848508253138
"0500000US41033","Josephine County, Oregon","ReMidEast",139,2735.75,52.3043975206674,86.0407339214979
"0500000US41033","Josephine County, Oregon","ReNoAfr",0,0,0,31
"0500000US41033","Josephine County, Oregon","ReSlavic",2379,116244.05,340.945816809651,560.855868651876
"0500000US41033","Josephine County, Oregon","ReSomalian",0,0,0,31
"0500000US41033","Josephine County, Oregon","ReWestEur",56902,2241307.95,1497.09984636964,2462.72924727806
"0500000US41033","Josephine County, Oregon","Total:",88069,4,2,3.29
"0500000US41033","Josephine County, Oregon","Unclassified or not reported",28023,1181658.5,1087.0411675737,1788.18272065874
"0500000US41035","Klamath County, Oregon","Other groups",16804,339547.4,582.706958942486,958.552947460389
"0500000US41035","Klamath County, Oregon","Other.african",100,3015.4,54.9126579214665,90.3313222808124
"0500000US41035","Klamath County, Oregon","Other.anza",71,3244.2,56.9578791740002,93.6957112412303
"0500000US41035","Klamath County, Oregon","Other.arab",8,57.9,7.60920495189872,12.5171421458734
"0500000US41035","Klamath County, Oregon","Other.european",2062,67758.35,260.304341108634,428.200641123703
"0500000US41035","Klamath County, Oregon","Other.northam",4585,211831.35,460.251398694235,757.113550852017
"0500000US41035","Klamath County, Oregon","ReAfrican",33,413.6,20.3371581102179,33.4546250913084
"0500000US41035","Klamath County, Oregon","ReCaribbean",114,4571.75,67.6147173328411,111.226210012524
"0500000US41035","Klamath County, Oregon","ReEastEur",203,3240.55,56.9258289355544,93.642988598987
"0500000US41035","Klamath County, Oregon","ReEthiopian",28,938.4,30.6333151976733,50.3918035001725
"0500000US41035","Klamath County, Oregon","ReHisSou",0,0,0,31
"0500000US41035","Klamath County, Oregon","ReMidEast",260,18069.5,134.42284032113,221.125572328259
"0500000US41035","Klamath County, Oregon","ReNoAfr",14,191.25,13.8293166859393,22.7492259483702
"0500000US41035","Klamath County, Oregon","ReSlavic",1586,52837.55,229.864199039346,378.126607419724
"0500000US41035","Klamath County, Oregon","ReSomalian",0,0,0,31
"0500000US41035","Klamath County, Oregon","ReWestEur",43791,1520669.1,1233.15412662003,2028.53853828994
"0500000US41035","Klamath County, Oregon","Total:",69812,0,0,0
"0500000US41035","Klamath County, Oregon","Unclassified or not reported",17880,732327.35,855.761269280166,1407.72728796587
"0500000US41037","Lake County, Oregon","Other groups",1719,20511.25,143.217491948435,235.592774255175
"0500000US41037","Lake County, Oregon","Other.african",0,0,0,19
"0500000US41037","Lake County, Oregon","Other.anza",0,0,0,19
"0500000US41037","Lake County, Oregon","Other.arab",0,0,0,19
"0500000US41037","Lake County, Oregon","Other.european",202,5567.3,74.614341784941,122.740592236228
"0500000US41037","Lake County, Oregon","Other.northam",604,18948.1,137.652097695604,226.437700709268
"0500000US41037","Lake County, Oregon","ReAfrican",0,0,0,19
"0500000US41037","Lake County, Oregon","ReCaribbean",0,0,0,19
"0500000US41037","Lake County, Oregon","ReEastEur",22,171.4,13.0919822792425,21.5363108493539
"0500000US41037","Lake County, Oregon","ReEthiopian",0,0,0,19
"0500000US41037","Lake County, Oregon","ReHisSou",0,0,0,19
"0500000US41037","Lake County, Oregon","ReMidEast",0,0,0,19
"0500000US41037","Lake County, Oregon","ReNoAfr",0,0,0,19
"0500000US41037","Lake County, Oregon","ReSlavic",176,3652.35,60.4346754769147,99.4150411595247
"0500000US41037","Lake County, Oregon","ReSomalian",0,0,0,19
"0500000US41037","Lake County, Oregon","ReWestEur",5500,109533.65,330.958683221939,544.42703390009
"0500000US41037","Lake County, Oregon","Total:",8254,0,0,0
"0500000US41037","Lake County, Oregon","Unclassified or not reported",2109,50963.4,225.750747507068,371.359979649127
"0500000US41039","Lane County, Oregon","Other groups",88614,2363828.65,1537.47476402054,2529.14598681378
"0500000US41039","Lane County, Oregon","Other.african",443,13088.5,114.404982408984,188.196196062779
"0500000US41039","Lane County, Oregon","Other.anza",281,7022.8,83.8021479438326,137.854533367605
"0500000US41039","Lane County, Oregon","Other.arab",63,1289.65,35.9116972586927,59.0747419905496
"0500000US41039","Lane County, Oregon","Other.european",14512,526375.55,725.51743604134,1193.476182288
"0500000US41039","Lane County, Oregon","Other.northam",23889,1079839.1,1039.15306860924,1709.4067978622
"0500000US41039","Lane County, Oregon","ReAfrican",884,31994.55,178.87020433823,294.241486136388
"0500000US41039","Lane County, Oregon","ReCaribbean",441,20112.45,141.81836975512,233.291218247173
"0500000US41039","Lane County, Oregon","ReEastEur",3361,116115.7,340.757538434588,560.546150724898
"0500000US41039","Lane County, Oregon","ReEthiopian",10,213.8,14.6219013811474,24.0530277719875
"0500000US41039","Lane County, Oregon","ReHisSou",231,6411.35,80.0709060770515,131.71664049675
"0500000US41039","Lane County, Oregon","ReMidEast",1774,71212.4,266.856515753316,438.978968414205
"0500000US41039","Lane County, Oregon","ReNoAfr",187,7235.4,85.0611544713567,139.925599105382
"0500000US41039","Lane County, Oregon","ReSlavic",13654,422805.45,650.23491908694,1069.63644189802
"0500000US41039","Lane County, Oregon","ReSomalian",0,0,0,31
"0500000US41039","Lane County, Oregon","ReWestEur",275049,14806101.65,3847.8697548124,6329.74574666639
"0500000US41039","Lane County, Oregon","Total:",382628,0,0,0
"0500000US41039","Lane County, Oregon","Unclassified or not reported",93419,4816467.75,2194.64524468079,3610.1914274999
"0500000US41041","Lincoln County, Oregon","Other groups",10240,211004.45,459.352206917524,755.634380379327
"0500000US41041","Lincoln County, Oregon","Other.african",89,6424.2,80.151107291166,131.848571493968
"0500000US41041","Lincoln County, Oregon","Other.anza",58,685.85,26.1887380375611,43.080474071788
"0500000US41041","Lincoln County, Oregon","Other.arab",10,128.65,11.3423983354492,18.6582452618139
"0500000US41041","Lincoln County, Oregon","Other.european",1814,51557.3,227.062326245461,373.517526673783
"0500000US41041","Lincoln County, Oregon","Other.northam",3138,154560.6,393.141959093659,646.718522709069
"0500000US41041","Lincoln County, Oregon","ReAfrican",231,18419.3,135.717721761014,223.255652296868
"0500000US41041","Lincoln County, Oregon","ReCaribbean",96,5041.4,71.0028168455309,116.799633710898
"0500000US41041","Lincoln County, Oregon","ReEastEur",177,2786.5,52.7873090808766,86.835123438042
"0500000US41041","Lincoln County, Oregon","ReEthiopian",0,0,0,31
"0500000US41041","Lincoln County, Oregon","ReHisSou",0,0,0,31
"0500000US41041","Lincoln County, Oregon","ReMidEast",103,2474.8,49.7473617390913,81.8344100608051
"0500000US41041","Lincoln County, Oregon","ReNoAfr",30,305.35,17.4742667943465,28.7451688767
"0500000US41041","Lincoln County, Oregon","ReSlavic",1986,87479.4,295.769166750018,486.54027930378
"0500000US41041","Lincoln County, Oregon","ReSomalian",0,0,0,31
"0500000US41041","Lincoln County, Oregon","ReWestEur",36999,738310.5,859.249963631073,1413.46619017311
"0500000US41041","Lincoln County, Oregon","Total:",50632,4,2,3.29
"0500000US41041","Lincoln County, Oregon","Unclassified or not reported",12327,375224.25,612.555507688895,1007.65381014823
"0500000US41043","Linn County, Oregon","Other groups",26381,659444.8,812.062066593435,1335.8420995462
"0500000US41043","Linn County, Oregon","Other.african",60,1239.1,35.2008522624098,57.9054019716641
"0500000US41043","Linn County, Oregon","Other.anza",38,897.75,29.9624765331573,49.2882738970437
"0500000US41043","Linn County, Oregon","Other.arab",15,209.95,14.4896514795905,23.8354766839264
"0500000US41043","Linn County, Oregon","Other.european",6065,405621.3,636.884055382139,1047.67427110362
"0500000US41043","Linn County, Oregon","Other.northam",8879,530695.35,728.488400731268,1198.36341920294
"0500000US41043","Linn County, Oregon","ReAfrican",96,2664.55,51.619279344059,84.9137145209771
"0500000US41043","Linn County, Oregon","ReCaribbean",81,1359.9,36.8768219888862,60.6623721717178
"0500000US41043","Linn County, Oregon","ReEastEur",753,22928.7,151.422257280758,249.089613226847
"0500000US41043","Linn County, Oregon","ReEthiopian",163,13542.35,116.371603065353,191.431287042505
"0500000US41043","Linn County, Oregon","ReHisSou",0,0,0,31
"0500000US41043","Linn County, Oregon","ReMidEast",301,12852.85,113.370410601709,186.494325439811
"0500000US41043","Linn County, Oregon","ReNoAfr",20,330.5,18.1796589626978,29.905538993638
"0500000US41043","Linn County, Oregon","ReSlavic",3464,127468.75,357.027659992892,587.310500688307
"0500000US41043","Linn County, Oregon","ReSomalian",0,0,0,31
"0500000US41043","Linn County, Oregon","ReWestEur",88203,5802926.55,2408.92643100614,3962.68397900511
"0500000US41043","Linn County, Oregon","Total:",129794,0,0,0
"0500000US41043","Linn County, Oregon","Unclassified or not reported",34677,1716512.9,1310.15758594148,2155.20922887373
"0500000US41045","Malheur County, Oregon","Other groups",11787,257672.5,507.614519098893,835.025883917678
"0500000US41045","Malheur County, Oregon","Other.african",17,130.6,11.4280357017293,18.7991187293447
"0500000US41045","Malheur County, Oregon","Other.anza",31,499.55,22.3506152040609,36.7667620106802
"0500000US41045","Malheur County, Oregon","Other.arab",9,126.3,11.238327277669,18.4870483717656
"0500000US41045","Malheur County, Oregon","Other.european",790,30777.8,175.436028226815,288.592266433111
"0500000US41045","Malheur County, Oregon","Other.northam",1441,27066.35,164.518539988659,270.632998281344
"0500000US41045","Malheur County, Oregon","ReAfrican",14,170.45,13.0556501178608,21.4765444438811
"0500000US41045","Malheur County, Oregon","ReCaribbean",0,0,0,28
"0500000US41045","Malheur County, Oregon","ReEastEur",25,277.8,16.6673333200005,27.4177633114009
"0500000US41045","Malheur County, Oregon","ReEthiopian",12,142.5,11.9373363863133,19.6369183554854
"0500000US41045","Malheur County, Oregon","ReHisSou",0,0,0,28
"0500000US41045","Malheur County, Oregon","ReMidEast",0,0,0,28
"0500000US41045","Malheur County, Oregon","ReNoAfr",0,0,0,28
"0500000US41045","Malheur County, Oregon","ReSlavic",328,4136.8,64.3179601666595,105.803044474155
"0500000US41045","Malheur County, Oregon","ReSomalian",0,0,0,28
"0500000US41045","Malheur County, Oregon","ReWestEur",13410,457861.65,676.654749484551,1113.09706290209
"0500000US41045","Malheur County, Oregon","Total:",31701,0,0,0
"0500000US41045","Malheur County, Oregon","Unclassified or not reported",9735,347334.7,589.351083820162,969.482532884167
"0500000US41047","Marion County, Oregon","Other groups",122864,3059164.95,1749.04686901181,2877.18209952442
"0500000US41047","Marion County, Oregon","Other.african",851,30163.25,173.675703539672,285.69653232276
"0500000US41047","Marion County, Oregon","Other.anza",72,1260.7,35.5063374624869,58.4079251257909
"0500000US41047","Marion County, Oregon","Other.arab",82,3355,57.9223618302983,95.2822852108407
"0500000US41047","Marion County, Oregon","Other.european",13218,668883.5,817.852981898336,1345.36815522276
"0500000US41047","Marion County, Oregon","Other.northam",18540,1313528.75,1146.09281910323,1885.32268742482
"0500000US41047","Marion County, Oregon","ReAfrican",596,32439.7,180.11024401738,296.281351408589
"0500000US41047","Marion County, Oregon","ReCaribbean",151,3576.75,59.8059361602174,98.3807649835576
"0500000US41047","Marion County, Oregon","ReEastEur",1785,81582.95,285.627292113341,469.856895526446
"0500000US41047","Marion County, Oregon","ReEthiopian",126,3975.75,63.0535486709511,103.723087563715
"0500000US41047","Marion County, Oregon","ReHisSou",209,7604.65,87.2046443717306,143.451639991497
"0500000US41047","Marion County, Oregon","ReMidEast",683,22338,149.459024484974,245.860095277782
"0500000US41047","Marion County, Oregon","ReNoAfr",40,807.25,28.4121452903507,46.737979002627
"0500000US41047","Marion County, Oregon","ReSlavic",12897,856853.05,925.663572795214,1522.71657724813
"0500000US41047","Marion County, Oregon","ReSomalian",283,32418.85,180.052353497531,296.186121503439
"0500000US41047","Marion County, Oregon","ReWestEur",187584,9756904.2,3123.6043603504,5138.3291727764
"0500000US41047","Marion County, Oregon","Total:",346532,0,0,0
"0500000US41047","Marion County, Oregon","Unclassified or not reported",73813,5045627.5,2246.24742626452,3695.07701620514
"0500000US41049","Morrow County, Oregon","Other groups",5415,64710.15,254.381897940872,418.458222112734
"0500000US41049","Morrow County, Oregon","Other.african",0,0,0,21
"0500000US41049","Morrow County, Oregon","Other.anza",0,0,0,21
"0500000US41049","Morrow County, Oregon","Other.arab",0,0,0,21
"0500000US41049","Morrow County, Oregon","Other.european",212,6250.95,79.0629496034647,130.058552097699
"0500000US41049","Morrow County, Oregon","Other.northam",626,13184.2,114.822471668224,188.882965894228
"0500000US41049","Morrow County, Oregon","ReAfrican",0,0,0,21
"0500000US41049","Morrow County, Oregon","ReCaribbean",0,0,0,21
"0500000US41049","Morrow County, Oregon","ReEastEur",13,145.45,12.0602653370479,19.8391364794439
"0500000US41049","Morrow County, Oregon","ReEthiopian",18,1279.65,35.7721959068772,58.845262266813
"0500000US41049","Morrow County, Oregon","ReHisSou",0,0,0,21
"0500000US41049","Morrow County, Oregon","ReMidEast",0,0,0,21
"0500000US41049","Morrow County, Oregon","ReNoAfr",0,0,0,21
"0500000US41049","Morrow County, Oregon","ReSlavic",137,1266.95,35.5942411072353,58.5525266214021
"0500000US41049","Morrow County, Oregon","ReSomalian",0,0,0,21
"0500000US41049","Morrow County, Oregon","ReWestEur",5616,164086.65,405.076103960725,666.350191015393
"0500000US41049","Morrow County, Oregon","Total:",12249,0,0,0
"0500000US41049","Morrow County, Oregon","Unclassified or not reported",2748,68319.9,261.380756751525,429.971344856259
"0500000US41051","Multnomah County, Oregon","Other groups",250826,5299757.1,2302.12013153093,3786.98761636838
"0500000US41051","Multnomah County, Oregon","Other.african",2824,124813.2,353.289116730193,581.160597021168
"0500000US41051","Multnomah County, Oregon","Other.anza",540,9208.75,95.9622321541136,157.857871893517
"0500000US41051","Multnomah County, Oregon","Other.arab",1542,116861.05,341.849455169962,562.342353754588
"0500000US41051","Multnomah County, Oregon","Other.european",36959,1239077.65,1113.13864814766,1831.1130762029
"0500000US41051","Multnomah County, Oregon","Other.northam",48044,2523384.15,1588.51633608219,2613.10937285521
"0500000US41051","Multnomah County, Oregon","ReAfrican",2841,140963.75,375.451394990084,617.617544758688
"0500000US41051","Multnomah County, Oregon","ReCaribbean",2360,129905.85,360.424541339793,592.898370503959
"0500000US41051","Multnomah County, Oregon","ReEastEur",10486,437918.7,661.754259525392,1088.58575691927
"0500000US41051","Multnomah County, Oregon","ReEthiopian",3004,319681.1,565.403484248196,930.088731588282
"0500000US41051","Multnomah County, Oregon","ReHisSou",1209,54009.1,232.398580030085,382.29566414949
"0500000US41051","Multnomah County, Oregon","ReMidEast",7862,577105.6,759.674667209589,1249.66482755977
"0500000US41051","Multnomah County, Oregon","ReNoAfr",1282,407410.65,638.287278582301,1049.98257326789
"0500000US41051","Multnomah County, Oregon","ReSlavic",47325,3558890.9,1886.50229260396,3103.29627133352
"0500000US41051","Multnomah County, Oregon","ReSomalian",933,153268.7,391.495466129558,644.010041783123
"0500000US41051","Multnomah County, Oregon","ReWestEur",497648,18182657.05,4264.11269199115,7014.46537832544
"0500000US41051","Multnomah County, Oregon","Total:",803863,0,0,0
"0500000US41051","Multnomah County, Oregon","Unclassified or not reported",146910,7821417.25,2796.67968312426,4600.5380787394
"0500000US41053","Polk County, Oregon","Other groups",24693,768022.05,876.36867242046,1441.62646613166
"0500000US41053","Polk County, Oregon","Other.african",147,6318.05,79.4861623177267,130.75473701266
"0500000US41053","Polk County, Oregon","Other.anza",131,6510.4,80.6870497663659,132.730196865672
"0500000US41053","Polk County, Oregon","Other.arab",54,1029.1,32.0795885260394,52.7709231253349
"0500000US41053","Polk County, Oregon","Other.european",3930,227394.65,476.859151112779,784.433303580521
"0500000US41053","Polk County, Oregon","Other.northam",5964,306060.2,553.227078151458,910.058543559149
"0500000US41053","Polk County, Oregon","ReAfrican",59,1920.45,43.8229391985522,72.0887349816183
"0500000US41053","Polk County, Oregon","ReCaribbean",57,1517.2,38.9512515845127,64.0748088565233
"0500000US41053","Polk County, Oregon","ReEastEur",275,6586.05,81.1544823161358,133.499123410043
"0500000US41053","Polk County, Oregon","ReEthiopian",3,24.85,4.98497743224581,8.20028787604435
"0500000US41053","Polk County, Oregon","ReHisSou",23,526.4,22.94340863952,37.7419072120104
"0500000US41053","Polk County, Oregon","ReMidEast",164,5258.8,72.517584074485,119.291425802528
"0500000US41053","Polk County, Oregon","ReNoAfr",23,549,23.43074902772,38.5435821505993
"0500000US41053","Polk County, Oregon","ReSlavic",2887,158431.05,398.033980961425,654.765898681544
"0500000US41053","Polk County, Oregon","ReSomalian",0,0,0,31
"0500000US41053","Polk County, Oregon","ReWestEur",56392,2693764.2,1641.26908214345,2699.88764012597
"0500000US41053","Polk County, Oregon","Total:",88553,0,0,0
"0500000US41053","Polk County, Oregon","Unclassified or not reported",19547,1082219.8,1040.29793809274,1711.29010816255
"0500000US41055","Sherman County, Oregon","Other groups",230,1214.4,34.8482424233992,57.3253587864917
"0500000US41055","Sherman County, Oregon","Other.african",7,32.15,5.67009700093393,9.32730956653632
"0500000US41055","Sherman County, Oregon","Other.anza",0,0,0,13
"0500000US41055","Sherman County, Oregon","Other.arab",0,0,0,13
"0500000US41055","Sherman County, Oregon","Other.european",84,819,28.6181760425084,47.0768995899263
"0500000US41055","Sherman County, Oregon","Other.northam",121,528.8,22.9956517628877,37.8278471499503
"0500000US41055","Sherman County, Oregon","ReAfrican",0,0,0,13
"0500000US41055","Sherman County, Oregon","ReCaribbean",0,0,0,13
"0500000US41055","Sherman County, Oregon","ReEastEur",2,6.05,2.45967477524977,4.04616500528587
"0500000US41055","Sherman County, Oregon","ReEthiopian",0,0,0,13
"0500000US41055","Sherman County, Oregon","ReHisSou",0,0,0,13
"0500000US41055","Sherman County, Oregon","ReMidEast",0,0,0,13
"0500000US41055","Sherman County, Oregon","ReNoAfr",0,0,0,13
"0500000US41055","Sherman County, Oregon","ReSlavic",36,187.45,13.6912380740384,22.5220866317932
"0500000US41055","Sherman County, Oregon","ReSomalian",0,0,0,13
"0500000US41055","Sherman County, Oregon","ReWestEur",1498,15212.35,123.338355753594,202.891595214661
"0500000US41055","Sherman County, Oregon","Total:",1908,5291.35,72.7416661893306,119.660040881449
"0500000US41055","Sherman County, Oregon","Unclassified or not reported",574,4318.95,65.7187187945718,108.107292417071
"0500000US41057","Tillamook County, Oregon","Other groups",5763,120350.75,346.916056128857,570.676912331969
"0500000US41057","Tillamook County, Oregon","Other.african",47,824.35,28.7114959554531,47.2304108467204
"0500000US41057","Tillamook County, Oregon","Other.anza",2,5.85,2.41867732448957,3.97872419878533
"0500000US41057","Tillamook County, Oregon","Other.arab",21,431.5,20.772578077841,34.1708909380484
"0500000US41057","Tillamook County, Oregon","Other.european",1096,36713.25,191.607019704394,315.193547413728
"0500000US41057","Tillamook County, Oregon","Other.northam",1637,45158.15,212.50447054121,349.56985404029
"0500000US41057","Tillamook County, Oregon","ReAfrican",0,0,0,25
"0500000US41057","Tillamook County, Oregon","ReCaribbean",1,2.9,1.70293863659264,2.80133405719489
"0500000US41057","Tillamook County, Oregon","ReEastEur",100,680.3,26.0825612239289,42.9058132133631
"0500000US41057","Tillamook County, Oregon","ReEthiopian",0,0,0,25
"0500000US41057","Tillamook County, Oregon","ReHisSou",2,27.1,5.20576603392815,8.5634851258118
"0500000US41057","Tillamook County, Oregon","ReMidEast",97,3050.3,55.2295210915322,90.8525621955705
"0500000US41057","Tillamook County, Oregon","ReNoAfr",20,463.7,21.5336945274145,35.4229274975968
"0500000US41057","Tillamook County, Oregon","ReSlavic",815,15984.75,126.430811118176,207.9786842894
"0500000US41057","Tillamook County, Oregon","ReSomalian",0,0,0,25
"0500000US41057","Tillamook County, Oregon","ReWestEur",19977,591864.2,769.327108582559,1265.54309361831
"0500000US41057","Tillamook County, Oregon","Total:",27471,0,0,0
"0500000US41057","Tillamook County, Oregon","Unclassified or not reported",6688,167553.95,409.333543702443,673.353679390519
"0500000US41059","Umatilla County, Oregon","Other groups",28907,651472.8,807.138649799401,1327.74307892001
"0500000US41059","Umatilla County, Oregon","Other.african",13,244.4,15.6332977966902,25.7167748755555
"0500000US41059","Umatilla County, Oregon","Other.anza",0,0,0,31
"0500000US41059","Umatilla County, Oregon","Other.arab",0,0,0,31
"0500000US41059","Umatilla County, Oregon","Other.european",2246,146433.5,382.666303716436,629.486069613538
"0500000US41059","Umatilla County, Oregon","Other.northam",5589,305834,553.022603516348,909.722182784393
"0500000US41059","Umatilla County, Oregon","ReAfrican",229,18408.5,135.677927460586,223.190190672664
"0500000US41059","Umatilla County, Oregon","ReCaribbean",12,155.6,12.4739729036101,20.5196854264387
"0500000US41059","Umatilla County, Oregon","ReEastEur",155,2731.35,52.2623191219066,85.9715149555363
"0500000US41059","Umatilla County, Oregon","ReEthiopian",0,0,0,31
"0500000US41059","Umatilla County, Oregon","ReHisSou",22,318.05,17.8339563754092,29.3368582375482
"0500000US41059","Umatilla County, Oregon","ReMidEast",7,84.3,9.18150314491042,15.1035726733776
"0500000US41059","Umatilla County, Oregon","ReNoAfr",1,3.4,1.84390889145858,3.03323012644936
"0500000US41059","Umatilla County, Oregon","ReSlavic",1062,28225.55,168.004613031905,276.367588437483
"0500000US41059","Umatilla County, Oregon","ReSomalian",0,0,0,31
"0500000US41059","Umatilla County, Oregon","ReWestEur",36291,1411099.35,1187.89702836567,1954.09061166153
"0500000US41059","Umatilla County, Oregon","Total:",80087,0,0,0
"0500000US41059","Umatilla County, Oregon","Unclassified or not reported",22197,1206660.5,1098.48099664946,1807.00123948837
"0500000US41061","Union County, Oregon","Other groups",5552,104699.8,323.573484698608,532.278382329209
"0500000US41061","Union County, Oregon","Other.african",3,19.8,4.4497190922574,7.31978790676342
"0500000US41061","Union County, Oregon","Other.anza",0,0,0,25
"0500000US41061","Union County, Oregon","Other.arab",0,0,0,25
"0500000US41061","Union County, Oregon","Other.european",966,23380,152.905199388379,251.529052993884
"0500000US41061","Union County, Oregon","Other.northam",1928,51034.25,225.90761386018,371.618024799995
"0500000US41061","Union County, Oregon","ReAfrican",0,0,0,25
"0500000US41061","Union County, Oregon","ReCaribbean",22,214.45,14.6441114445363,24.0895633262623
"0500000US41061","Union County, Oregon","ReEastEur",93,1711.2,41.3666532366349,68.0481445742645
"0500000US41061","Union County, Oregon","ReEthiopian",22,354.25,18.8215302247187,30.9614172196623
"0500000US41061","Union County, Oregon","ReHisSou",0,0,0,25
"0500000US41061","Union County, Oregon","ReMidEast",39,492,22.1810730128188,36.487865106087
"0500000US41061","Union County, Oregon","ReNoAfr",15,131.5,11.4673449411797,18.8637824282406
"0500000US41061","Union County, Oregon","ReSlavic",410,4593.95,67.7786839647982,111.495935122093
"0500000US41061","Union County, Oregon","ReSomalian",0,0,0,25
"0500000US41061","Union County, Oregon","ReWestEur",15453,558159.15,747.100495248129,1228.98031468317
"0500000US41061","Union County, Oregon","Total:",26192,0,0,0
"0500000US41061","Union County, Oregon","Unclassified or not reported",8146,161281.8,401.599053783746,660.630443474262
"0500000US41063","Wallowa County, Oregon","Other groups",1365,27598.4,166.127661754447,273.280003586066
"0500000US41063","Wallowa County, Oregon","Other.african",0,0,0,19
"0500000US41063","Wallowa County, Oregon","Other.anza",0,0,0,19
"0500000US41063","Wallowa County, Oregon","Other.arab",0,0,0,19
"0500000US41063","Wallowa County, Oregon","Other.european",282,3854.05,62.0809954817092,102.123237567412
"0500000US41063","Wallowa County, Oregon","Other.northam",619,15272.4,123.581552021327,203.291653075083
"0500000US41063","Wallowa County, Oregon","ReAfrican",8,41.85,6.46915759585435,10.6417642451804
"0500000US41063","Wallowa County, Oregon","ReCaribbean",0,0,0,19
"0500000US41063","Wallowa County, Oregon","ReEastEur",16,146.7,12.1119775429118,19.9242030580899
"0500000US41063","Wallowa County, Oregon","ReEthiopian",0,0,0,19
"0500000US41063","Wallowa County, Oregon","ReHisSou",0,0,0,19
"0500000US41063","Wallowa County, Oregon","ReMidEast",45,1542.3,39.272127520673,64.6026497715071
"0500000US41063","Wallowa County, Oregon","ReNoAfr",0,0,0,19
"0500000US41063","Wallowa County, Oregon","ReSlavic",187,2006.15,44.7900658628674,73.6796583444169
"0500000US41063","Wallowa County, Oregon","ReSomalian",0,0,0,19
"0500000US41063","Wallowa County, Oregon","ReWestEur",5097,82291.85,286.865560846889,471.893847593132
"0500000US41063","Wallowa County, Oregon","Total:",7532,0,0,0
"0500000US41063","Wallowa County, Oregon","Unclassified or not reported",1978,38297.8,195.698237089658,321.923600012487
"0500000US41065","Wasco County, Oregon","Other groups",7285,124691.1,353.116269803587,580.876263826901
"0500000US41065","Wasco County, Oregon","Other.african",77,1863.75,43.1711709361699,71.0165761899995
"0500000US41065","Wasco County, Oregon","Other.anza",7,48.15,6.93902010373223,11.4146880706395
"0500000US41065","Wasco County, Oregon","Other.arab",1,5.85,2.41867732448957,3.97872419878533
"0500000US41065","Wasco County, Oregon","Other.european",682,19744.1,140.513700399641,231.145037157409
"0500000US41065","Wasco County, Oregon","Other.northam",2267,77492.05,278.373939153794,457.925129907991
"0500000US41065","Wasco County, Oregon","ReAfrican",0,0,0,25
"0500000US41065","Wasco County, Oregon","ReCaribbean",0,0,0,25
"0500000US41065","Wasco County, Oregon","ReEastEur",182,7854.25,88.6242066255038,145.786819898954
"0500000US41065","Wasco County, Oregon","ReEthiopian",0,0,0,25
"0500000US41065","Wasco County, Oregon","ReHisSou",0,0,0,25
"0500000US41065","Wasco County, Oregon","ReMidEast",26,157.45,12.5479081922048,20.6413089761769
"0500000US41065","Wasco County, Oregon","ReNoAfr",17,363.05,19.0538709977789,31.3436177913463
"0500000US41065","Wasco County, Oregon","ReSlavic",794,34265.75,185.110102371535,304.506118401174
"0500000US41065","Wasco County, Oregon","ReSomalian",0,0,0,25
"0500000US41065","Wasco County, Oregon","ReWestEur",14432,520562.3,721.500034650034,1186.86755699931
"0500000US41065","Wasco County, Oregon","Total:",26603,0,0,0
"0500000US41065","Wasco County, Oregon","Unclassified or not reported",7439,238048.55,487.902193067422,802.599107595909
"0500000US41067","Washington County, Oregon","Other groups",209215,4728730.7,2174.5644851326,3577.15857804312
"0500000US41067","Washington County, Oregon","Other.african",1403,65122,255.1901252008,419.787755955316
"0500000US41067","Washington County, Oregon","Other.anza",474,23738.65,154.073521411046,253.45094272117
"0500000US41067","Washington County, Oregon","Other.arab",1576,71053.5,266.558623946028,438.488936391216
"0500000US41067","Washington County, Oregon","Other.european",25123,1628851.35,1276.26460814362,2099.45528039626
"0500000US41067","Washington County, Oregon","Other.northam",39153,1834764.05,1354.53462488044,2228.20945792833
"0500000US41067","Washington County, Oregon","ReAfrican",2498,168473.55,410.4552959824,675.198961891049
"0500000US41067","Washington County, Oregon","ReCaribbean",1411,90221.1,300.368273957154,494.105810659519
"0500000US41067","Washington County, Oregon","ReEastEur",5950,220781,469.873387201276,772.941721946099
"0500000US41067","Washington County, Oregon","ReEthiopian",133,4958.55,70.4169723859241,115.835919574845
"0500000US41067","Washington County, Oregon","ReHisSou",365,5664.45,75.2625404832975,123.806879095024
"0500000US41067","Washington County, Oregon","ReMidEast",8977,754429.3,868.578896819397,1428.81228526791
"0500000US41067","Washington County, Oregon","ReNoAfr",697,29007.1,170.314708701275,280.167695813597
"0500000US41067","Washington County, Oregon","ReSlavic",23077,1160400,1077.21864075962,1772.02466404957
"0500000US41067","Washington County, Oregon","ReSomalian",679,59052.35,243.006892906354,399.746338830952
"0500000US41067","Washington County, Oregon","ReWestEur",334365,17386683.3,4169.73420016192,6859.21275926637
"0500000US41067","Washington County, Oregon","Total:",600266,0,0,0
"0500000US41067","Washington County, Oregon","Unclassified or not reported",110953,7282949.15,2698.69397116457,4439.35158256572
"0500000US41069","Wheeler County, Oregon","Other groups",207,1615.65,40.1951489610376,66.1210200409068
"0500000US41069","Wheeler County, Oregon","Other.african",0,0,0,13
"0500000US41069","Wheeler County, Oregon","Other.anza",0,0,0,13
"0500000US41069","Wheeler County, Oregon","Other.arab",0,0,0,13
"0500000US41069","Wheeler County, Oregon","Other.european",26,304.6,17.4527934726794,28.7098452625576
"0500000US41069","Wheeler County, Oregon","Other.northam",201,2744.95,52.3922704222674,86.18528484463
"0500000US41069","Wheeler County, Oregon","ReAfrican",0,0,0,13
"0500000US41069","Wheeler County, Oregon","ReCaribbean",0,0,0,13
"0500000US41069","Wheeler County, Oregon","ReEastEur",5,69.3,8.32466215530696,13.69406924548
"0500000US41069","Wheeler County, Oregon","ReEthiopian",0,0,0,13
"0500000US41069","Wheeler County, Oregon","ReHisSou",1,1.4,1.18321595661992,1.94639024863977
"0500000US41069","Wheeler County, Oregon","ReMidEast",1,1.65,1.28452325786651,2.11304075919041
"0500000US41069","Wheeler County, Oregon","ReNoAfr",0,0,0,13
"0500000US41069","Wheeler County, Oregon","ReSlavic",24,204.55,14.3020977482326,23.5269507958426
"0500000US41069","Wheeler County, Oregon","ReSomalian",0,0,0,13
"0500000US41069","Wheeler County, Oregon","ReWestEur",1139,12924.2,113.684651558599,187.011251813895
"0500000US41069","Wheeler County, Oregon","Total:",1434,5291.35,72.7416661893306,119.660040881449
"0500000US41069","Wheeler County, Oregon","Unclassified or not reported",342,2349.8,48.4747356877786,79.7409402063959
"0500000US41071","Yamhill County, Oregon","Other groups",27311,724536.45,851.197068838938,1400.21917824005
"0500000US41071","Yamhill County, Oregon","Other.african",75,4787.9,69.1946529726105,113.825204139944
"0500000US41071","Yamhill County, Oregon","Other.anza",36,1485.3,38.5395900341454,63.3976256061692
"0500000US41071","Yamhill County, Oregon","Other.arab",50,1605.15,40.0643232814433,65.9058117979742
"0500000US41071","Yamhill County, Oregon","Other.european",5285,323298.2,568.593176181354,935.335774818327
"0500000US41071","Yamhill County, Oregon","Other.northam",7381,385879.25,621.1917980785,1021.86050783913
"0500000US41071","Yamhill County, Oregon","ReAfrican",288,19759.4,140.568132946269,231.234578696613
"0500000US41071","Yamhill County, Oregon","ReCaribbean",22,230.65,15.1871656341794,24.9828874682251
"0500000US41071","Yamhill County, Oregon","ReEastEur",718,48492.35,220.209786340208,362.245098529642
"0500000US41071","Yamhill County, Oregon","ReEthiopian",75,4412.65,66.4277803332311,109.273698648165
"0500000US41071","Yamhill County, Oregon","ReHisSou",67,3564.3,59.7017587680631,98.2093931734638
"0500000US41071","Yamhill County, Oregon","ReMidEast",251,7100.3,84.2632778854466,138.61309212156
"0500000US41071","Yamhill County, Oregon","ReNoAfr",18,287.8,16.9646691685986,27.9068807823447
"0500000US41071","Yamhill County, Oregon","ReSlavic",2927,101042.4,317.871672220096,522.898900802058
"0500000US41071","Yamhill County, Oregon","ReSomalian",0,0,0,31
"0500000US41071","Yamhill County, Oregon","ReWestEur",68299,4579115.75,2139.88685448554,3520.11387562871
"0500000US41071","Yamhill County, Oregon","Total:",108122,0,0,0
"0500000US41071","Yamhill County, Oregon","Unclassified or not reported",27110,1344546.95,1159.54601029886,1907.45318694162
"0500000US53011","Clark County, Washington","Other groups",125227,2703049.75,1644.09541998024,2704.53696586749
"0500000US53011","Clark County, Washington","Other.african",1098,64067.8,253.116178858642,416.376114222466
"0500000US53011","Clark County, Washington","Other.anza",437,36288.85,190.496325423878,313.366455322279
"0500000US53011","Clark County, Washington","Other.arab",323,23768.6,154.170684632326,253.610776220176
"0500000US53011","Clark County, Washington","Other.european",17921,723723.95,850.71966592997,1399.4338504548
"0500000US53011","Clark County, Washington","Other.northam",31882,1458174.5,1207.54896381058,1986.4180454684
"0500000US53011","Clark County, Washington","ReAfrican",1636,96833.25,311.180413908074,511.891780878781
"0500000US53011","Clark County, Washington","ReCaribbean",332,8248.25,90.8198766790618,149.398697137057
"0500000US53011","Clark County, Washington","ReEastEur",6070,497793.9,705.545108409094,1160.62170333296
"0500000US53011","Clark County, Washington","ReEthiopian",714,63279.15,251.553473440539,413.805463809687
"0500000US53011","Clark County, Washington","ReHisSou",90,2187.55,46.7712518541037,76.9387093000006
"0500000US53011","Clark County, Washington","ReMidEast",2768,145282.4,381.15928428939,627.007022656047
"0500000US53011","Clark County, Washington","ReNoAfr",131,2441.35,49.4100192268734,81.2794816282068
"0500000US53011","Clark County, Washington","ReSlavic",29281,1931573.25,1389.81050866656,2286.23828675649
"0500000US53011","Clark County, Washington","ReSomalian",133,10106.4,100.530592358744,165.372824430134
"0500000US53011","Clark County, Washington","ReWestEur",320991,12351261.55,3514.43616388177,5781.24748958551
"0500000US53011","Clark County, Washington","Total:",510516,0,0,0
"0500000US53011","Clark County, Washington","Unclassified or not reported",122680,5402664.8,2324.36331067241,3823.57764605611
